"path","hash","last_write","bytes"
"ai-system/agents/agent-object-model.md","40F80FFA00FCFC3DEB68D79465413D29EB597ACA6B41070326223568F82C654E","2026-06-03T19:42:09.9796739+10:00","418"
"ai-system/agents/agent-registry.yml","FC2B713085D5CECC9DBF9FA69E3FD8EE757896C58B78AE285B131AFF3EF70673","2026-06-03T19:42:09.7966027+10:00","1334"
"ai-system/agents/lifecycle-state-machine.md","1A2C8690D559D86218CE649A090CCD26D34F48BF1B1F71222C87CD707E29BB92","2026-06-03T19:42:10.1506903+10:00","460"
"ai-system/agents/README.md","549566B383412CAA8BF3B048CD3F25C6465D457B7B484403B5B8F217C3C43C84","2026-06-03T19:42:09.5770803+10:00","468"
"ai-system/agents/team-formation-protocol.md","F8A13567EFD8E9DBCD3E579C67A319668AE8806EB5F6479D3D45F04C436634A2","2026-06-03T19:42:10.3203318+10:00","714"
"ai-system/AI-PORTAL.md","644A5627A1A9C2CD1041814CD95B47A5F1466A46DD5C92EB189C70BE94E82B37","2026-06-03T20:45:29.0440991+10:00","4150"
"ai-system/audit/audit-ledger.yml","2B22ECB03001BB398FF0CD6760C85717ECED452669A2B5F9705EA9EB3B7EC665","2026-06-03T15:44:21.6854040+10:00","894"
"ai-system/audit/black-swan-protocol.md","22C0AA1AE7F621E624E5364358CDEBA668D7A7FBE0F2F111F44848F1CBFFC8BD","2026-06-03T15:44:21.6925963+10:00","883"
"ai-system/audit/causality-graph.yml","3D2F07AF0A7DDF99322FCA6F7730F220B7070D2A90F6C23244BE67FBC048D3EC","2026-06-03T15:44:21.6869193+10:00","795"
"ai-system/audit/decision-framework.md","F131CD30281CC2A1779943A7C47DDA2161F88E26F9D46947513DC354248555DD","2026-06-03T15:44:21.6925963+10:00","815"
"ai-system/audit/decision-trace-ledger.yml","A08563FFC0C72E081E7200C3B1F629E1F3F0A1C828D21738A3A6240BBE98D81B","2026-06-03T15:44:21.6854040+10:00","1381"
"ai-system/audit/event.schema.json","C04A2505AB867A97242B0E353E07726CAFC87DBDDBA96F9A102CDB817F68CC3B","2026-06-03T15:44:21.6925963+10:00","721"
"ai-system/audit/events/.gitkeep","01BA4719C80B6FE911B091A7C05124B64EEECE964E09C058EF8F9805DACA546B","2026-06-03T15:47:46.5633389+10:00","1"
"ai-system/audit/events/AUD-20260603-154809-added-continuity-causality-memory-and-restore-systems.md","111AAC84A4405B66C1D2EC72029AB1E381C29AAE7B04D7E13B864D581B9B7547","2026-06-03T15:48:09.1412657+10:00","532"
"ai-system/audit/events/README.md","6B22A488DD2AD72678EBF65632707F0672E3EE64673A384B90D70A27FAA3AA3E","2026-06-03T15:47:46.5613291+10:00","98"
"ai-system/audit/faithful-reasoning-protocol.md","BEDB7840A3D67EDC350B5F08277A49B445331EC0F6E5CCA0F275CEA97DEFB699","2026-06-03T15:44:21.6889359+10:00","755"
"ai-system/audit/problem-framing.md","E0E8ACADF9AE098DB7EB5B43D39816AE64C8045217EDA0BC7882C738EA2C3F23","2026-06-03T15:44:21.6925963+10:00","518"
"ai-system/audit/README.md","70783E0A30244D8FCA5B5C9C02477918B9AB255E10309B9CF5718386C3E849DF","2026-06-03T15:44:21.6833827+10:00","674"
"ai-system/audit/rollback-ledger.yml","FD84C8D13A8A5F35AFE0F51C496FEF20C6002F6469E42F45A45A98CC078105B4","2026-06-03T15:44:21.6889359+10:00","969"
"ai-system/cognition/algorithmic-inversion/inversion-ledger.yml","8DF9E77C750906F182873D46F2546CC754F9820E50CA5E1F50B28E957BF8B918","2026-06-03T16:31:20.6144653+10:00","791"
"ai-system/cognition/algorithmic-inversion/README.md","222C8EDDE4AE55178C8E03937D065392D644D4C79DA250D230A232BE9DFE5854","2026-06-03T16:31:20.2515446+10:00","434"
"ai-system/cognition/algorithmic-inversion/thinking-backward-protocol.md","9ECD998064092558CD9515511D1713E16E39AF019662C1792E79331A29CB2109","2026-06-03T16:31:20.4408449+10:00","559"
"ai-system/cognition/anti-hallucination/anti-hallucination-protocol.md","13CD966F0689A25CD90961BE6E9174F1D17BA53FD31225BA418E6C9DFCF8C7CB","2026-06-03T15:53:42.8122110+10:00","864"
"ai-system/cognition/anti-hallucination/claim-checklist.md","ADA9AC8F3315814FC26EDDCE1B1870330233131D7F349FC17BFC56551081AD73","2026-06-03T15:53:42.8174236+10:00","459"
"ai-system/cognition/anti-hallucination/hallucination-risk-register.yml","6079D31E010B1FEFDCC1761E490FFDA7A08BB2A18F12AADF062E4A9BB3F41DEA","2026-06-03T15:53:42.8194310+10:00","675"
"ai-system/cognition/anti-hallucination/README.md","469B4C08714C38B9040D345B305E2D8EEE2DD615A90A4CB6BD56D53E6243E92D","2026-06-03T15:53:42.8122110+10:00","206"
"ai-system/cognition/cognition-index.yml","86F42F0383CA4664B532F03BCD7C3D90073932BD90194AB7E32656FF1D4C5568","2026-06-03T16:34:45.1578879+10:00","3667"
"ai-system/cognition/cognition-workflow.md","69C9C8331178A8683E2BE4A1B63E7D1232AAD5FE2BE5D92475257153533D6341","2026-06-03T16:34:45.3135076+10:00","1340"
"ai-system/cognition/collaborative-group-dynamics/coordination-ledger.yml","064A65D4B57D164D33CA096DFD29ADD36265C4B33F29DC903394C12B2ACD4CB6","2026-06-03T15:54:36.3082473+10:00","416"
"ai-system/cognition/collaborative-group-dynamics/group-dynamics-protocol.md","D519D917FE4831C6B59B406D3FF8C45FA99CD4D3C058FB8954B71699118D6228","2026-06-03T15:54:36.3062329+10:00","760"
"ai-system/cognition/collaborative-group-dynamics/README.md","78A11F36E619125B58BB92DF12095BBDF416508D5B199ADB7DCEB9F9C4240987","2026-06-03T15:54:36.3042263+10:00","233"
"ai-system/cognition/conceptual-leap/conceptual-leap-protocol.md","B754110FF3AD81DDA562507BAE2A4D81DA49C71CC0F329EB7019588E91E5F3F3","2026-06-03T15:55:39.2241038+10:00","444"
"ai-system/cognition/conceptual-leap/leap-ledger.yml","7A3E37FBCAB1B1765D518EF58E346815E34D293FEF2C35E11E37637A1C3FA0BD","2026-06-03T15:55:39.2297952+10:00","461"
"ai-system/cognition/conceptual-leap/README.md","3A07FDE86347DC3920B843D412213D66EC1BC57039021F459968FCDA2C26D1F3","2026-06-03T15:55:39.2231187+10:00","219"
"ai-system/cognition/contextual-anchoring/anchoring-protocol.md","20AABA4FC355901D4B49ED1AD4AEF45B2D7BE30EA4C315663DCD68CF39678AF1","2026-06-03T16:33:50.3293919+10:00","454"
"ai-system/cognition/contextual-anchoring/anchor-refresh-protocol.md","AEB1D77A1B19D3D74840AA13625541262F1D3D8552028200C895B880FF6D88B1","2026-06-03T16:33:50.6657942+10:00","368"
"ai-system/cognition/contextual-anchoring/anchor-registry.yml","E944F0650C594414AD4586BC16752184DC743CB577771C3FAF6116B1022CE06F","2026-06-03T16:33:50.4803888+10:00","964"
"ai-system/cognition/contextual-anchoring/README.md","E855CB245F959635209DF277B6FBC823D93A9EE4B92E20C03356D77EBB9DDF7B","2026-06-03T16:33:50.1895954+10:00","241"
"ai-system/cognition/correlation/causation-boundary.md","084A714082D0B4633B454A0CAC2CA16AF7E141B46C57720824B72A9B432B27ED","2026-06-03T15:53:42.8122110+10:00","510"
"ai-system/cognition/correlation/correlation-engine.md","DD5B1182E3410F2E7BD3AE9F862E4955FDB4EB66E0778CBFDA768E39E499B4CD","2026-06-03T15:53:42.8021342+10:00","651"
"ai-system/cognition/correlation/correlation-ledger.yml","A817513997A1EF27F696A2AD67077297CCA403AF221B708C6638F03DDFBB83ED","2026-06-03T15:53:42.8021342+10:00","649"
"ai-system/cognition/correlation/README.md","D17E2DC84C7CC9FA0A3EC6DD7F3E5E175AF9D891C329D82B039D2467FFBB9F19","2026-06-03T15:53:42.8021342+10:00","246"
"ai-system/cognition/counter-intuitive-discernment/discernment-ledger.yml","6974DC872DFB58D5E00AA44FDA4BE29CABE2AE791F32B6010D3D31233B117811","2026-06-03T15:54:36.3211770+10:00","764"
"ai-system/cognition/counter-intuitive-discernment/discernment-protocol.md","252913291359B4D19D1FE3E276B94277B11F6083E1D82214CC55BE64F3985CDF","2026-06-03T15:54:36.3188305+10:00","527"
"ai-system/cognition/counter-intuitive-discernment/README.md","5D1A453F80417C670D82B62747D64393A6DBE547205CB8048E9E5EE0E101472C","2026-06-03T15:54:36.3178168+10:00","213"
"ai-system/cognition/dynamic-process-plasticity/plasticity-ledger.yml","BF314DFCFABC8A127A48B6062DDD719B38788DEF366423A5F984A3D16315F634","2026-06-03T15:55:39.2477408+10:00","401"
"ai-system/cognition/dynamic-process-plasticity/process-plasticity.md","1672B4D07FBE4435340E6F878C26698D67C4E3EC25D520BE8284E191EB26E6A3","2026-06-03T15:55:39.2477408+10:00","660"
"ai-system/cognition/dynamic-process-plasticity/README.md","1A226D5F2E5DD5D092818145E5BAB9BDF57C847389AC111A4EC6CBE235314969","2026-06-03T15:55:39.2461848+10:00","167"
"ai-system/cognition/hypergraph-relational-processing/hyperedge-ledger.yml","271E4AB3B1B4381DCA028ABE9C30D3BBEEB2E57F9E6B1C9EBD1A683EF5441F68","2026-06-03T16:33:51.5502906+10:00","659"
"ai-system/cognition/hypergraph-relational-processing/hypergraph-model.yml","7D076F14029FD17F62F37A66C2F60C01785B2E8BFFCD0BCE56436DF12D9825FE","2026-06-03T16:33:51.3810405+10:00","1056"
"ai-system/cognition/hypergraph-relational-processing/hypergraph-protocol.md","3B1D7FF667DEEF828B7724F3E2370FE46FA7C7948C2A8E86E79B6A35F09237FD","2026-06-03T16:33:51.2143697+10:00","556"
"ai-system/cognition/hypergraph-relational-processing/README.md","920CC0B248EC1F13906A74C21A31806AC64CE16E5EFF10F6935E9C2E801B9306","2026-06-03T16:33:51.0129939+10:00","263"
"ai-system/cognition/liquid-state-machine/liquid-state-machine.md","056AF3D749B141EF4B8B1620F3B091F8E98B53EE42FFAA4321A47D9A4AEC537A","2026-06-03T15:55:39.2532757+10:00","721"
"ai-system/cognition/liquid-state-machine/README.md","77DE2C0417108A791AAC941071B5A47064FF1F3891434DFCF57875F3B56AE4A0","2026-06-03T15:55:39.2497525+10:00","434"
"ai-system/cognition/liquid-state-machine/readout-protocol.md","713E25DEB17CDB1AA83E711B899F6282127E01E86FF0785D72AA62D2AF6DA745","2026-06-03T15:55:39.2570422+10:00","522"
"ai-system/cognition/liquid-state-machine/reservoir-signals.yml","11D4A3C721F771C086B2614E5F1A72ECDD037288B225EFCA52BB89A23F64D95C","2026-06-03T15:55:39.2553099+10:00","595"
"ai-system/cognition/multi-valued-fuzzy-logic/fuzzy-ledger.yml","59B9B9ED2833DE1CE644180923CE63B7AF04B6AD0B9B59C51BAAE0F64E26AB1B","2026-06-03T16:32:50.4076782+10:00","562"
"ai-system/cognition/multi-valued-fuzzy-logic/fuzzy-logic-protocol.md","280EDF02EB54576EF864C85CA1EEEBDF4DAB885CBA2A6E739C74E0B4BE8FBB72","2026-06-03T16:32:50.1232770+10:00","571"
"ai-system/cognition/multi-valued-fuzzy-logic/README.md","629FB07AC893AA8F27B2ED3849B7E8CBCF3F3265BB50F38B536E4E3ECC26C6C3","2026-06-03T16:32:49.9972013+10:00","205"
"ai-system/cognition/multi-valued-fuzzy-logic/truth-values.yml","AA4BB98D76592C862A44F8FF55F588A6ECC63D9488843557CF648B2E2CB37CCE","2026-06-03T16:32:50.2658918+10:00","1041"
"ai-system/cognition/non-linear-disruption/disruption-ledger.yml","922CD1CF508AF714A206D756036B9A1F64C9972082B65B7425E598C7C022B043","2026-06-03T15:54:36.3277044+10:00","492"
"ai-system/cognition/non-linear-disruption/disruption-protocol.md","1A59487CA5C6CC5456BC349FD4501A70B2E70BF62666C1C2C1CAC947512B3F6A","2026-06-03T15:54:36.3255505+10:00","627"
"ai-system/cognition/non-linear-disruption/README.md","6879B7C438EB0E08E457B0697AA75911F9873ABAA66F54B609DF2EB3489BA409","2026-06-03T15:54:36.3241929+10:00","189"
"ai-system/cognition/non-monotonic-reasoning/non-monotonic-protocol.md","9117A20BF2DABBD79DF1BB35EC50822B98A72DF6BF9E8D0D9A5FE6BAB5D7D12B","2026-06-03T16:32:51.2507990+10:00","579"
"ai-system/cognition/non-monotonic-reasoning/README.md","409673A2D92DF4B31C588C46068D53279063A74B98A8BE2DE82725C0AB64C675","2026-06-03T16:32:51.1234401+10:00","272"
"ai-system/cognition/non-monotonic-reasoning/revision-ledger.yml","E7353F66E7D7A2F2416B57F2BA365F5082658F9CDFCC984928FDF98DBB62FE70","2026-06-03T16:32:51.3930947+10:00","545"
"ai-system/cognition/original-creation/creation-ledger.yml","14FB54A86AB6EC75BCA628E79AFFD010C16E64FE987AEEB46988C423DEF58F68","2026-06-03T15:55:39.2430307+10:00","381"
"ai-system/cognition/original-creation/original-creation-protocol.md","340ED6C46C1F6512387A46DE2515E31EAA85714DBAE595F595374EFFB86C7C2F","2026-06-03T15:55:39.2402410+10:00","541"
"ai-system/cognition/original-creation/README.md","09FE3EE19291A375FF513DC2F1F772D889F38D387C73B059D6E94F06029C3435","2026-06-03T15:55:39.2392358+10:00","242"
"ai-system/cognition/output-labels.md","0EBE5B6FFEEE5ECBF9854A9C62CBF7FCFBA09640C01DF402EBB7EB1E891D0EE7","2026-06-03T15:52:45.7207127+10:00","582"
"ai-system/cognition/README.md","639A41BF78D388040A162A41C4AE4F334A9921DAB2DF85E0280FC26EFA5A5A0E","2026-06-03T16:34:45.0122351+10:00","2371"
"ai-system/cognition/retrocausal-processing/README.md","58DC7C6E6CA172EA2EF4FEFB96820D995FE0AC999B6D64A28DC3D4AB59F76350","2026-06-03T16:31:20.9133088+10:00","397"
"ai-system/cognition/retrocausal-processing/retrocausal-ledger.yml","74BD34F98011E587DF82DED8C66AC12C00907748E5A22143BCEED084525CE65A","2026-06-03T16:31:21.3279532+10:00","540"
"ai-system/cognition/retrocausal-processing/retrocausal-protocol.md","4C577F77C83005FFABF4C8DC6200B806FC546C4D28EE0C566B0AD962408EECBA","2026-06-03T16:31:21.1028834+10:00","585"
"ai-system/cognition/self-generated-paradigms/paradigm-generation.md","F4978B4A80E7C35284EF1F8BC47ADD1E99DEFB3458A1EE6F31C8C63AA1908110","2026-06-03T15:55:39.2343715+10:00","554"
"ai-system/cognition/self-generated-paradigms/paradigm-ledger.yml","CD3C16C94B7422FBC2A779D2FDAC27F15F404EB039C919DFB036817737771FD1","2026-06-03T15:55:39.2361233+10:00","555"
"ai-system/cognition/self-generated-paradigms/README.md","D831293D2590FF834FBD21825BDCEECB5940BC0079E9BF7A27123F2A0321BEEF","2026-06-03T15:55:39.2333774+10:00","164"
"ai-system/cognition/semantic-compression/compression-ledger.yml","8C6ED7AD37EEC804CF909197C5D51CC8DCEEFD6B4BF4C355866BC20D07F0F148","2026-06-03T16:32:03.1951867+10:00","483"
"ai-system/cognition/semantic-compression/compression-protocol.md","050155AE510E103FCE58827FF681494B0129AC5151A0C8BAF066E4B9DD0D8424","2026-06-03T16:32:03.0493775+10:00","648"
"ai-system/cognition/semantic-compression/compression-quality-check.md","A8353B0CAAFFF3F1E014DFC154AFA807CCDBE315D3FEE5F6C966243C71623324","2026-06-03T16:32:03.3271719+10:00","402"
"ai-system/cognition/semantic-compression/README.md","912C0B4C4D09B8738910CDDE6E1F00DA0FBF96918BDBFFA4B163AEC044E83BCD","2026-06-03T16:32:02.9105275+10:00","419"
"ai-system/cognition/semantic-drift-self-correction/drift-correction-protocol.md","EA4A281D13D1E41BAB1BA23823612D8C93DC6D734F7C2164646C813A3DD9E979","2026-06-03T16:32:03.7226088+10:00","599"
"ai-system/cognition/semantic-drift-self-correction/drift-ledger.yml","90DBDAFC9CA1F1AD06F807F77B3A7E2595576D01774ACD0AA2CBE2FDEA93AFB2","2026-06-03T16:32:04.0086419+10:00","467"
"ai-system/cognition/semantic-drift-self-correction/README.md","D2FDD96A0D6377FC3BABA79A0067BECCE56142290B659EF84BBECA460097880E","2026-06-03T16:32:03.5816452+10:00","239"
"ai-system/cognition/semantic-drift-self-correction/semantic-canon.yml","479C088F45CB4D1B0671F2B9C75DEC9B8723ECE098C19A085DB8781BFE0B5BE1","2026-06-03T16:32:03.8688706+10:00","789"
"ai-system/cognition/socratic-deconstruction/question-bank.md","59BF57E28F0231AE0CF829DA8FC5D6E3FE9900D7F2F7D435E3F9CCA3944CA04D","2026-06-03T15:54:36.3147124+10:00","577"
"ai-system/cognition/socratic-deconstruction/README.md","5DE278D1EDF9B02DCF563046EDEDE15F6326DAABEDC07E0F02E06035E786A274","2026-06-03T15:54:36.3082473+10:00","204"
"ai-system/cognition/socratic-deconstruction/socratic-protocol.md","F05C3473E637929E2A774A3C80D9789FAF71CF8D473AAF3707D8A4AE6DD5C208","2026-06-03T15:54:36.3082473+10:00","505"
"ai-system/cognition/subtext/README.md","327F2433D51C8BB3A6F5A9BE4586383BDE5E8FA522624F92CDE09E59C1C520D0","2026-06-03T15:53:42.8013884+10:00","334"
"ai-system/cognition/subtext/subtext-ledger.yml","930DB2B398FC818770D31DAF7AB4ED6533AB11FDA7C5F4480318663FA65C76DF","2026-06-03T15:53:42.8021342+10:00","737"
"ai-system/cognition/subtext/subtext-protocol.md","FB3B1271FDF49EE59564520FB8BF201302A52ECD2425C4BDD3A5FC1E1E495294","2026-06-03T15:53:42.8021342+10:00","759"
"ai-system/cognition/superposition-nonbinary/README.md","A8226CD5CAF1860DDB343A81D2A67D121CF626EC4299B8A1B45C268FB6C48897","2026-06-03T16:32:50.6295109+10:00","225"
"ai-system/cognition/superposition-nonbinary/state-superposition-ledger.yml","54FCB905621B68C9A7583AEF094BC4A4849A8E8A9AC72593C442843EDCD5B6C5","2026-06-03T16:32:50.9003410+10:00","865"
"ai-system/cognition/superposition-nonbinary/superposition-protocol.md","614437404024D9D75B61FFB7F7251A541A3CF4C2093F6552A00D00D27488D3E6","2026-06-03T16:32:50.7573331+10:00","557"
"ai-system/cognition/templates/backward-chain.md","F5F2EAD383EE5FC075C2842A8C032250C41D3FAA4EFE69FBFA93A069C99612D1","2026-06-03T16:35:10.5442611+10:00","145"
"ai-system/cognition/templates/cognition-output.md","5D9CB717634F92C2B1B62C972FAB5D8CC1F56B8E8C1968B8913C33F63B78CC76","2026-06-03T15:57:42.2674256+10:00","285"
"ai-system/cognition/templates/correlation-record.md","E4729863D52C0A386ABB0CC84820872FA95E45E34B2E9FF98947B597A3839221","2026-06-03T15:57:42.2684300+10:00","234"
"ai-system/cognition/templates/council-cognition-round.md","E695E3577ADC4C2BC90AFC193448B63222D20A3CDFC816A201FBBA23123C512B","2026-06-03T15:57:42.2704288+10:00","355"
"ai-system/cognition/templates/fuzzy-claim.md","D5E3C8EE6585DCDE0C83FFDDABA8AAF35C78E13D4FF668FA1F6E6D7ECC6D146C","2026-06-03T16:35:10.0885476+10:00","233"
"ai-system/cognition/templates/hyperedge-record.md","09EF5AEB1EE739DEC2DC2551C6F393F9FD04C46F9726BBE8E48F11ACF398340C","2026-06-03T16:35:10.3131388+10:00","113"
"ai-system/continuity/chat-log.schema.json","1CAFA276A1CC5F95A18F4BD45590861389F9C71C61FA905C942CCC68C31A72C5","2026-06-03T15:43:15.0864053+10:00","690"
"ai-system/continuity/chat-logs/.gitkeep","01BA4719C80B6FE911B091A7C05124B64EEECE964E09C058EF8F9805DACA546B","2026-06-03T15:43:15.0625233+10:00","1"
"ai-system/continuity/chat-logs/CHAT-20260603-154809-codex-continuity-causality-and-memory-expansion.md","5F26A49A3E733A3DE10BAA5231624CF3FD76E220F78D63E916F419EAFF4F26A2","2026-06-03T15:48:09.1307399+10:00","734"
"ai-system/continuity/chat-logs/README.md","0CB2EE54D4F7C20757C47AB4F655E7F1A0D22C83975F357D70DE56B712E5F4C9","2026-06-03T15:43:15.0619088+10:00","384"
"ai-system/continuity/continuity-protocol.md","7DDE8753C871EDC365541EFBA070D29A5A67E12085A4D27939C523E78DA001F7","2026-06-03T15:43:15.0864053+10:00","843"
"ai-system/continuity/distilled-context/project-continuity.md","2AC1C71074F1FAFBE2BE208983EF663CDF133D7D78B44B0FC3CAD04D9433DBFD","2026-06-03T15:43:15.0775590+10:00","712"
"ai-system/continuity/distilled-context/README.md","552BE1F16063874C67B33D9D3C152159BB7EDC95FD317A4F42196B497B43EE3F","2026-06-03T15:43:15.0758183+10:00","350"
"ai-system/continuity/handoff-packets/.gitkeep","01BA4719C80B6FE911B091A7C05124B64EEECE964E09C058EF8F9805DACA546B","2026-06-03T15:43:15.0677115+10:00","1"
"ai-system/continuity/handoff-packets/CHAT-20260603-154809-continuity-causality-and-memory-expansion.md","5F26A49A3E733A3DE10BAA5231624CF3FD76E220F78D63E916F419EAFF4F26A2","2026-06-03T15:48:09.1356842+10:00","734"
"ai-system/continuity/handoff-packets/README.md","64DEB5ABA4B0CD767570D2B9CD308F19722532A3704A00E6118957AF9B3EDFE4","2026-06-03T15:43:15.0656940+10:00","328"
"ai-system/continuity/interaction-ledger/interaction-ledger.yml","BE61EB0C74625D6987A9CA4CADB5FA241210D19BFCFE75828D6D965FBFEE228A","2026-06-03T15:43:15.0731141+10:00","659"
"ai-system/continuity/interaction-ledger/README.md","D4727E8FA483E6B47CE7FC7F0CCE75FF1E408A2EE320AD6D374DAA76DA0E782F","2026-06-03T15:43:15.0677115+10:00","332"
"ai-system/continuity/README.md","AEC298C5AD3CD82AA3779936F7A96C2D51556A91290DDD0D53F08FFBEE502485","2026-06-03T15:43:15.0590459+10:00","1118"
"ai-system/continuity/transcript-inbox/.gitkeep","01BA4719C80B6FE911B091A7C05124B64EEECE964E09C058EF8F9805DACA546B","2026-06-03T15:43:15.0843906+10:00","1"
"ai-system/continuity/transcript-inbox/README.md","62BD390653E3C2015531F8B2A9172D5524759BF0F3A83F9DED94ED0E253C6540","2026-06-03T15:43:15.0795671+10:00","362"
"ai-system/council/council-session-template.md","F98BA71BDDC123CFDD100C159F59B4898D59F98893E0F722F4AAD457FD19E416","2026-06-03T15:46:16.4865252+10:00","210"
"ai-system/council/debate-protocol.md","73559A670432B50E41719B25021E4813965D8FA35129B28D151D8271B705DD37","2026-06-03T15:46:16.4855690+10:00","469"
"ai-system/council/README.md","04F3F1DEE83D84A84B71F50DA99E017D4207CEA78626B825442129F449517076","2026-06-03T15:46:16.4816962+10:00","456"
"ai-system/council/reasoning-rounds/.gitkeep","01BA4719C80B6FE911B091A7C05124B64EEECE964E09C058EF8F9805DACA546B","2026-06-03T15:46:16.4925819+10:00","1"
"ai-system/council/reasoning-rounds/README.md","7AAE09B9CE4991ADDD4427DD656D88BF8099EB0E67980C9D4195ED8680A86039","2026-06-03T15:46:16.4906663+10:00","121"
"ai-system/council/roles.yml","D53283FEE012AE10953F7A8913B699D5530AB1FB99DC753B808ECA9848DEDB51","2026-06-03T15:46:16.4836937+10:00","936"
"ai-system/counterfactuals/counterfactual-ledger.yml","C8647A68AB3B0574584DBE09E043D7C2C148BC47471594BF7349606139019CE6","2026-06-03T15:46:16.5003012+10:00","947"
"ai-system/counterfactuals/deep-counterfactual-protocol.md","FD4BE66B98880DE5B57374F277F73E540045168B980850F7B061767CDAFC9DBA","2026-06-03T15:46:16.4979148+10:00","429"
"ai-system/counterfactuals/README.md","C8531BBE03E80E830953A98A874831359DB5492D33904CB84A02B6833B8C6C49","2026-06-03T15:46:16.4959097+10:00","208"
"ai-system/diagnostics/correction-queue.md","E65C44A3B98B027EC03C391BB8D79F624381CAFE58C573BABFDEEF8FE256D5D0","2026-06-03T18:49:20.1944093+10:00","1105"
"ai-system/diagnostics/issue-ledger.md","0ADEE2FE46524F6841726F988E6B0CF9569A6B6C74959290C7631BC06087BFFC","2026-06-03T15:13:21.0885705+10:00","708"
"ai-system/diagnostics/reports/latest-integrity-report.json","8CB942F33F001AFC146A60C173A173E683348764D05B778F0EAB40F194B39A09","2026-06-03T20:48:58.6530474+10:00","294"
"ai-system/diagnostics/reports/latest-integrity-report.md","E4ED5D879C9D72F10046F41ACEBA329C7C4C0C6220D46E80A299813380AF049C","2026-06-03T20:48:58.6687097+10:00","231"
"ai-system/diagnostics/reports/README.md","1BA8C3E6A886F0C11EA2EAAE36B36872E404505A96D8073310F2EC2B022E7DC4","2026-06-03T18:30:24.7570627+10:00","105"
"ai-system/diagnostics/resolvable-issues.md","577DB7D4F75FB82927B9E4D159A7F85A59F77A01F6B33147F471B2E5A5AECF0B","2026-06-03T20:11:11.1926257+10:00","2202"
"ai-system/diagnostics/restore-readiness.md","18511358F8AE0F33EB6581080277DDBD512B698497DF3C1FD155CB5AA36CD2DF","2026-06-03T15:13:21.0917986+10:00","818"
"ai-system/diagnostics/risk-register.md","C78AD3A0C3BD018237FB408AEA59B09E2CE627D8588A7F6F6DA9F09E49B4C637","2026-06-03T15:13:21.0885705+10:00","1473"
"ai-system/drift/context-loss-mitigation.md","EE84B536B96689C40FB96C38CFC7E0FC808B8ACEA2309145515B5C17812B8C85","2026-06-03T15:26:37.2303592+10:00","937"
"ai-system/drift/drift-register.md","21EB66242ECB0A3AAAAD639E73A865F43918AE1336A5A317E08F80BE9A4DE9DC","2026-06-03T15:26:37.2323696+10:00","567"
"ai-system/drift/invariant-checks.yml","CA4226BBDD73ED65CA3A72B2D813BB2E45CEFA741341E02C7685B6108B47D12F","2026-06-03T15:26:37.2323696+10:00","901"
"ai-system/drift/reconciliation-protocol.md","C989DC25D9BF4A17FB16A20A8A12F3BAFB2AE3C11A44DF8B01A897ADA0042F1F","2026-06-03T15:26:37.2323696+10:00","640"
"ai-system/engine/checklists/diagnostic-cycle.md","7D5AB095753DC03C104412D8409B6475B81D88542ECA83FD73589EDFEDBF23F4","2026-06-03T18:30:24.7189651+10:00","748"
"ai-system/engine/checklists/engineering-cycle.md","02A4E6CE4A732E40959F6428801436CE7C76258C78C17B08F313D91C52420EA0","2026-06-03T18:30:24.7168279+10:00","683"
"ai-system/engine/checklists/full-reasoning-chain.md","9449431FA737EA9F26DC6E4846721969AAD21E56744C1888322023CAC3654C6D","2026-06-03T18:30:24.7158309+10:00","1547"
"ai-system/engine/cycle-history.csv","0DECF6C4015EFB9F1A832F70B38E234260066234E063F75197F4CD9A5D8F9279","2026-06-03T19:58:47.3638553+10:00","512"
"ai-system/engine/cycle-reports/latest-cycle-report.json","58BA0AFF2E9AA5A17DC09ADFF7C37DBEB61631F18E1DC78EB4CF5E70B41E25FF","2026-06-03T19:58:47.3329793+10:00","3715"
"ai-system/engine/cycle-reports/latest-cycle-report.md","67AC1EDD6E3A905DDE5B318ADB1D3A5A2B8366B2C4F957DB89877518F4DAFA58","2026-06-03T19:58:47.3536058+10:00","707"
"ai-system/engine/cycle-reports/README.md","88D8C80AE5B60B3EE9707EF268075454F126D9480D63436865179C4F89633AF1","2026-06-03T18:30:24.7236958+10:00","234"
"ai-system/engine/operation-cycle.md","9D2BF8B41A5A3E1D0D23D0272C34176990E66D3B9719CAC2403D113C7594C12E","2026-06-03T19:45:52.8292651+10:00","1701"
"ai-system/engine/order-of-operations.md","07FAED567A03E181774F6F309365697D428F5B42DCC18364A2A11E8E979E1212","2026-06-03T18:30:24.7078620+10:00","4616"
"ai-system/engine/README.md","34D206CED7389B80323E5C3F117C7EE3E8D88CD6538E3FF7F76551CD40A6A82A","2026-06-03T19:45:52.4832446+10:00","1521"
"ai-system/engine/routine-catalog.yml","0176E577B841BFE96AB8017F28A9F7590F8A296F9D31C7AF6886A0A44FEB1995","2026-06-03T19:46:05.9828876+10:00","3253"
"ai-system/forensics/claim-catalog.csv","4CE08CC95624813F5BC243050C5954D762B4D7324C0260814E13BB5A7CCD60EC","2026-06-03T20:47:58.5303886+10:00","2882"
"ai-system/forensics/event-timeline.csv","DB63355842660DAF193F01D371A889A882CA762BFBE6AAD41F491A206F1E3B93","2026-06-03T20:48:22.3554534+10:00","1288"
"ai-system/forensics/evidence-claim-map.csv","3B4003EAF536085C4F8B6DFE3001B41669BFD0CB963129D3AED266FCC32608B4","2026-06-03T20:47:58.7307610+10:00","2799"
"ai-system/forensics/evidence-labeling-guide.md","995527B37318A7B3EF4304D8CAB4D1FDAD65BC6AA2B41F4A2F40676D009FC179","2026-06-03T19:45:03.0045775+10:00","1607"
"ai-system/forensics/evidence-register.csv","F8FB9FB911E865787F735727DB7629F4CFBC030C2497091A3B4E6ED885BADB8C","2026-06-03T20:47:58.3535913+10:00","3982"
"ai-system/forensics/inbox/README.md","03FF00B31A4904E73DA06EF83AE8F8F628262CCC2666553E47D1D05F3D549D4E","2026-06-03T18:30:24.7513163+10:00","322"
"ai-system/forensics/known-unknowns.csv","C457DA999F3D767853AC63EC82A9965595EBC1EC2CF74CE74EF5CBDD4A64830D","2026-06-03T18:30:24.7368695+10:00","942"
"ai-system/forensics/README.md","9AACE62120AB4AFF3D11D2A0BF1137FD920D4BFD6AD2807C34CD8D1DC5FF0D7F","2026-06-03T19:45:52.6579766+10:00","1130"
"ai-system/forensics/role-packets/ai-ingestion-brief.md","9D55296E5980EBFED967A7866A6A989F128C3A0EADBB30DEB5979FEB7DF05C09","2026-06-03T18:30:24.7433354+10:00","872"
"ai-system/forensics/role-packets/engineering-packet.md","BC20D7ACF6C5393A511B17990D52B85E285E2CCE0B8EB48B6199A08D8558EC21","2026-06-03T18:30:24.7443408+10:00","519"
"ai-system/forensics/role-packets/neutral-review-packet.md","0652B763E89C85A0E00F73197CBE02418842D8881F15E525798FA6B9CE0A60B2","2026-06-03T18:30:24.7483130+10:00","496"
"ai-system/forensics/role-packets/operations-packet.md","BFC5805BD12F31D013D1CC886A3930B01869264C4711A66535EBEF96E8A76212","2026-06-03T18:30:24.7473244+10:00","564"
"ai-system/forensics/role-packets/README.md","6593947B3EBE4AF9C6C0523FB34BA8C9F115B3534A5912AD48621A707C0A4DF9","2026-06-03T18:30:24.7423348+10:00","383"
"ai-system/forensics/verification-protocol.md","8B5DFFE615ED3134CDEBB8AC39D1167F94191B90660620987A8C5B12CB693922","2026-06-03T18:30:24.7378628+10:00","938"
"ai-system/forensics/verification-reports/latest-forensic-verification.json","F1819A951AE1EEDA0D4EDE8D6E7275EA0A82C0CA443B219BF60143CEA3634907","2026-06-03T20:49:05.7151880+10:00","456"
"ai-system/forensics/verification-reports/latest-forensic-verification.md","25589A62B396263974123E4983E8A3729DB80A2E58CD4E5902839A341AB2FC36","2026-06-03T20:49:05.7151880+10:00","343"
"ai-system/forensics/verification-reports/README.md","D046277C560B18AFEF0E5AB693FB70B6567028055D1827DAB189CAF3EF03F582","2026-06-03T18:30:24.7540554+10:00","120"
"ai-system/governance/absolutes.md","A74BDE82E62FB064179C45FEAAE11DB224225B3F64F754BD13F23384553C8D24","2026-06-03T15:26:37.2146794+10:00","1322"
"ai-system/governance/change-control.md","38CDDFABF14256DF83BBDE4645A2074244787E7773786A8E5BB2CCE9AD144011","2026-06-03T15:26:37.2221913+10:00","732"
"ai-system/governance/error-correction.md","05A75C718126C07B7C33D38F3FE6EBD84FE2CD6C961CF70C35BA59B3341EEA26","2026-06-03T15:26:37.2221913+10:00","913"
"ai-system/governance/policy-matrix.yml","61C9ECFC93C540F9581503495EAAF810B03BC1208A148B2FCC26251437A25FCE","2026-06-03T15:26:37.2146794+10:00","1310"
"ai-system/governance/review-gates.md","0E9E313A8C1F52E2A558BCB0CCA4DA39FACB5A84B30EF1FF093A1672554F2B37","2026-06-03T15:26:37.2221913+10:00","699"
"ai-system/governance/self-correction.md","659E777BC0B8CCEC9405CB0FCEE02999AE88C0EB2C8D6BE32776276903CB645D","2026-06-03T15:26:37.2221913+10:00","990"
"ai-system/handoff/CHANGELOG.md","DC5A090B92DE702F96E39D925BE81784F3583C0963628CEA0359DA3156BEBC35","2026-06-03T19:43:45.2678254+10:00","1705"
"ai-system/handoff/CURRENT_STATE.md","90C3B8FDBF43E9DD772E1C1D356DD9228294E1FC6237DE4403149DF4F90EB807","2026-06-03T15:17:16.9704988+10:00","1363"
"ai-system/handoff/NEXT_ACTIONS.md","85C879E00BF55D88773DFAB746E880AA5BF0107AB88128CC674A3AB7721C43F0","2026-06-03T15:17:16.9774746+10:00","997"
"ai-system/handoff/SESSION_TEMPLATE.md","81C78AF1657BCF226D0A8B743369C2EC3AA36EF0192A340F4513491A16131DFE","2026-06-03T15:10:23.0701768+10:00","252"
"ai-system/handoff/sessions/README.md","8BF6562548CAC8C7457D047517B3CD20810DC4EB5E4C1EB117FA12477AB5009E","2026-06-03T15:10:23.0776719+10:00","170"
"ai-system/handoff/sessions/session-20260603-151919.md","A747C1DA9C53AA9F0973BED5CD4164D23C07AF9DA7176C7D5ED21F758EAEF051","2026-06-03T15:19:20.4991503+10:00","843"
"ai-system/identity/constitution.md","B44AD8CD270EABE8DD30B1E43E5A70578875F75BB782EEBA598A7EACB7BE84FB","2026-06-03T19:42:07.9580652+10:00","984"
"ai-system/identity/mission-and-scope.md","31B3FB17C33DE23D106CEF3F397F463835AAD1354B0D9B7BEAD97BD14C871964","2026-06-03T19:42:08.1055190+10:00","906"
"ai-system/identity/README.md","A79CA2E77CE126680D5F768165C4C85CCBBF85164F94A6F541009DA2514063B7","2026-06-03T19:42:07.7826325+10:00","852"
"ai-system/integration/adapter-contract.md","49288272BEAB2688A2BA6A54C61E157423654BA90BD9BA0D9DF320D23A1CB6E5","2026-06-03T15:34:09.4530075+10:00","771"
"ai-system/integration/adapter-registry.yml","9EBBFF142D0DEDB313942B9097B83D77C279466BAC2F918F3DCF98C5CCB7565D","2026-06-03T15:47:46.5812000+10:00","1776"
"ai-system/integration/ai-ingestion-guide.md","DDD6EAD39B58EFA53A49525F54E526A70FFC6FB9D4F582E4DDDD8F70C1246F4B","2026-06-03T20:45:29.3271094+10:00","1918"
"ai-system/integration/external-tool-checklist.md","29FC709570D4CD2D16D60A2A2BF15D0CD49A8A18FF053C6BF9688F5CB8ED4182","2026-06-03T15:34:09.4530075+10:00","544"
"ai-system/integration/programmatic-api.md","DF7986DC2352E77FDAC2BEB8119297A71B636ECF72330BE61D4C85312935A063","2026-06-03T15:34:09.4530075+10:00","773"
"ai-system/integration/README.md","3F24F2B3813AD95BD2CCFAA667D93A866D29627234818C751DBDE216135FF8B8","2026-06-03T15:34:09.4530075+10:00","735"
"ai-system/learning/concept-bank/local-only-layering.md","8DF6BA330A0B0CD5DA3C34A5DEA5CCE806756F96AC9D3DF3568BDAB77633A6A7","2026-06-03T15:46:16.4642752+10:00","362"
"ai-system/learning/concept-bank/README.md","EEACEDE727A590626FB554ECD3B60758D492F9B647E5AB511431B2995BA5630F","2026-06-03T15:46:16.4632760+10:00","207"
"ai-system/learning/lessons-learned.md","093C4823DE83929E1D690BC16675B2AC6D602E7BC477936A2C5FC63507F3B46D","2026-06-03T15:46:16.4658697+10:00","549"
"ai-system/learning/meta-learning.md","D37B9492B15836FA0F66BDF45F38931592B18FB83713FA23D846AA54AB05D0A2","2026-06-03T15:46:16.4690044+10:00","684"
"ai-system/learning/plasticity-policy.md","621BACAF26A572BE354C9124CD1FBDF1CAFD818FB4A0E74BA91462BAD5EA6C64","2026-06-03T15:46:16.4680049+10:00","660"
"ai-system/learning/README.md","AA5088C54E308F04BA577ECDCD8F004009369967F363A0ECD5A92ECA3515F697","2026-06-03T15:46:16.4594674+10:00","490"
"ai-system/manifests/capability-matrix.yml","B0E658C6809E2AF906ADB6E210B1C8898237B291DCD7E5F9BDD514EF56A54D2A","2026-06-03T20:37:03.8595153+10:00","9418"
"ai-system/manifests/generated-ai-index.json","37E328E2D58FD501444E75E132A11110E93E44CDCBECB9E5408DEDD592B3C2A4","2026-06-03T20:49:05.1560920+10:00","31326"
"ai-system/manifests/ingestion-order.yml","73569F6060B135F753C21F5612ABB6A7EB3E8FC0565A2C676EBCC7D3E3DC0110","2026-06-03T20:44:10.4111103+10:00","3476"
"ai-system/manifests/system-manifest.json","7D83E744CE7EE411FDC9295DA7C3154F0FBCAA1C9A8CC7E33974053987490091","2026-06-03T20:44:10.1422197+10:00","9514"
"ai-system/manifests/tool-index.yml","37A402F1DEBC3C27B2389474664480B38D09C20577B374CF53D41202C488649F","2026-06-03T18:34:57.4115586+10:00","2913"
"ai-system/memory/context-iq/contextual-work-iq.md","F82EF75B32575265C1CB4BACC464BC14E25C796CC30B32186EDC70BE1432AE47","2026-06-03T20:34:19.2965963+10:00","1564"
"ai-system/memory/decision-ledger.md","5BFA5722AC8592B355ED46A5E907B0884425ABB0ECB66C992EA288F523F2FCE4","2026-06-03T15:10:23.0855557+10:00","816"
"ai-system/memory/facts.md","927AFFB6350A5CCAAD2FC4B5EE300035CA33CD0EEAA94573B3387D0977AAE9BD","2026-06-03T15:10:23.0835431+10:00","918"
"ai-system/memory/memory-architecture.md","CD2F2FDFF32D0A4308D34A86E939B87B9DBC5D9A9225F590B093455E81248FB3","2026-06-03T15:46:16.4541841+10:00","1101"
"ai-system/memory/open-questions.md","D35B7F41A7CC6D1A6E1E66BE44FEA6D8D984E6336CDD6F51B066F626314A20E1","2026-06-03T15:10:23.0875640+10:00","854"
"ai-system/memory/project-memory.md","500FFEEEF3ED699A25EF9EB843BFB3EC9930C8BE572E9661FE34FE95A3FF6AA2","2026-06-03T15:16:39.7220867+10:00","1264"
"ai-system/memory/pruning-policy.md","E0A1307AD238541A471E5324526BB214FD64DAD4B93A1FDFC78496F3ECEB8DC0","2026-06-03T15:46:16.4561874+10:00","732"
"ai-system/memory/user-and-team-context.md","1367A9F4DC5BC790F7D221854C5AF45694446A06A797D26ECE33ECDA692BC6C5","2026-06-03T15:10:23.0885523+10:00","719"
"ai-system/model-ops/evaluation-rubric.yml","BEFAA1B342FC48A9218E331426F33A49C654E7E0F8DEB87F8E888A19DB221052","2026-06-03T20:36:21.8774310+10:00","1942"
"ai-system/model-ops/model-registry.yml","6AC36C0B71783AA97D81E04D6B4B7849919CA78BC1DAD60CEFD1E7A25F92CADF","2026-06-03T20:36:21.8774310+10:00","3629"
"ai-system/model-ops/provider-policy.md","8FF52D03C9638F4635EB768B481720EECF6BB14D6AD29BE52118F3043F9B70CA","2026-06-03T19:42:12.1387088+10:00","526"
"ai-system/model-ops/README.md","100AAF95C0CD4C52363B75F2799627B2AEF372560CD5A026E0FEEA1A5AB5AC52","2026-06-03T19:42:11.6377744+10:00","267"
"ai-system/model-ops/target-ai/capability-roadmap.yml","738D5E35A2A7BCFBA0DEF97C6274DEB19E46D73FBD81981ABC7734774AB73331","2026-06-03T20:43:46.3993404+10:00","3435"
"ai-system/model-ops/target-ai/evaluation-benchmarks.yml","09A183FD8031DAD2DBDF8B6CFF1ABE4DF1C02C444638DF4AC20F54B22C939BCB","2026-06-03T20:34:19.2935496+10:00","2237"
"ai-system/model-ops/target-ai/target-ai-architecture.md","3B2ABEB87E76632667D48ABB11443D5ADAF5FD93353F3C0E03502D9BE86C6FAE","2026-06-03T20:43:46.2409182+10:00","4292"
"ai-system/modules/azerothcore-baseline.md","D44D3FABC117FDDE3246B3ADB88511A827FF8190A4A044851D291692F18B5153","2026-06-03T15:13:21.0800236+10:00","655"
"ai-system/modules/command-hub.md","3F22A2B03B97B9103E392A207E2E878433921DC956FCF03829BC41B9E8544E33","2026-06-03T15:13:21.0835559+10:00","830"
"ai-system/modules/game-client.md","5F1C4DDEE3770F68D5F0BA32622C3BB9347FE90D97E17E68FAF7022358E51EA7","2026-06-03T15:13:21.0720870+10:00","1044"
"ai-system/modules/local-git-host.md","73AE6DFF8F0492E25CF406248F804E91FF82B5F8BCDD8093C67930A50E8C29EC","2026-06-03T15:13:21.0855697+10:00","768"
"ai-system/modules/playerbots-stack.md","BE22A5E7E42121A44E4C7D91A6053409E0FF95BC059A3E82E10B5F462A860B6C","2026-06-03T15:13:21.0810394+10:00","911"
"ai-system/modules/server-live-state.md","C3EB6F06AD75FA36CD4E45F1AAB5EEFE1E10E207C066A48EE8F93EC389F8205C","2026-06-03T15:13:21.0720870+10:00","1145"
"ai-system/modules/wow-server-project.md","F317D119E38AF0978D4AEB57F6E1ECA712E23ADD6419E34FD62FDC9A0D97773F","2026-06-03T15:13:21.0780391+10:00","1025"
"ai-system/navigation/architecture-map.md","61407C42B30B056ACE78A8BC6D95E3C132640FAFBC0E7D375D4EF17F2B953D3B","2026-06-03T15:29:16.0296429+10:00","1035"
"ai-system/navigation/dependency-map.md","24FBF9B54B0E2B167ECA39FFB56663ED30082D7849F6ACC64158CC211F8A7AD7","2026-06-03T15:29:16.0321273+10:00","887"
"ai-system/navigation/generated/project-map.json","3D3F17EDBADC408FCE59E2CE6EEC2873EE76D8251AF99005B0B61EFD0CC5AC06","2026-06-03T20:49:04.4619922+10:00","4586"
"ai-system/navigation/generated/README.md","E3B7C4207B9542E351DFE9F86A709D96424C936D7A1EFC4EE60D1E23B3552764","2026-06-03T15:30:35.7249194+10:00","133"
"ai-system/navigation/interaction-map.md","FAB97834FFD52583429A21941696F4060C6EE290C64D99608BEF41EA32D4360D","2026-06-03T15:29:16.0341348+10:00","650"
"ai-system/navigation/project-map.md","B916B729616DEDF9A85DF00A830C3689D17643302A0B827FE0E9539A40CFA780","2026-06-03T15:29:16.0284988+10:00","1452"
"ai-system/navigation/state-map.md","029C8238977A51CF50D9FEA11F27DE000A2C9E4E22A07083185BCDB27AA1ED6D","2026-06-03T15:29:16.0331387+10:00","716"
"ai-system/observability/event-model.yml","4EC5BBC90C8D4DD504E56EF9B37592AB841CABE4DC4D09F98CA3E5BC5B4B8A69","2026-06-03T15:29:16.0444895+10:00","678"
"ai-system/observability/live-server-observability.md","FE3A210E8844A3B32F6C58EA39337B5DC8170D2AC75398A45B2238414A961291","2026-06-03T15:29:16.0377966+10:00","857"
"ai-system/observability/log-index.yml","079BE8116122E1E0B76269FB744BA151D3A813E126F60A78AC2AE6125CC11171","2026-06-03T15:29:16.0397957+10:00","934"
"ai-system/observability/log-signatures.json","E4CBF0EB49CAD978A65520E5C404BA60D33060EC87BDE1C614F71C15AB46453E","2026-06-03T18:44:43.5550948+10:00","2041"
"ai-system/observability/probes.yml","A876D6623C828E9B317475DBE2540DF05F5899D15DEF63FF8AA3A58BC338662E","2026-06-03T15:29:16.0407996+10:00","750"
"ai-system/observability/reports/.gitkeep","01BA4719C80B6FE911B091A7C05124B64EEECE964E09C058EF8F9805DACA546B","2026-06-03T15:29:16.0485015+10:00","1"
"ai-system/observability/reports/latest-live-probe.json","26FFB1CB5C101A2146770B2BFC81E6EF326F4F5A26D04C73FDE925A5777ABD8C","2026-06-03T15:33:03.5693546+10:00","536"
"ai-system/observability/reports/latest-log-intelligence.json","C200AC009A5EB3111E328C61DE4C0FCAC49648A06BD608AAF30BAECAE02652F5","2026-06-03T20:49:06.4463457+10:00","5682"
"ai-system/observability/reports/latest-log-intelligence.md","D2CA53E84A062C35FCA6F2BAB290A0ADD4D41ADDA6ED3620F50625CD546D33CF","2026-06-03T20:49:06.4663448+10:00","1414"
"ai-system/observability/reports/LIVE-PROBE-LOG.md","CEDCF8C8954147140D83C5EE4DEA454F790C31B3083B0B9E7F847023BD5212F1","2026-06-03T15:33:03.5811619+10:00","391"
"ai-system/observability/reports/README.md","B3A4D714C912C4B1507511DEBF84DA7CF8E76DDD52A14474D2929427219EDE9E","2026-06-03T15:29:16.0474904+10:00","234"
"ai-system/observability/telemetry-model.md","3AE41694B64B155CB81F70D72749F9F56EDA84A2D1284742F9EB83DD5E33ED95","2026-06-03T15:29:16.0424750+10:00","637"
"ai-system/operating-model/agent-protocol.md","50BC4E52E3FE2CF38E1E780D49214B99BBA71A7424E15147D111CBF9ADA3D690","2026-06-03T15:11:46.7083180+10:00","1253"
"ai-system/operating-model/editing-contracts.md","A2BD265A12B2A2CE437B1AC3369329A29DDA92B41661B060D1C9605F247413F9","2026-06-03T15:11:46.7103244+10:00","834"
"ai-system/operating-model/git-layer-protocol.md","668003428D4413FC4E4CD59A610BE086B5713FF1A22C6364D5881200FEC2EF53","2026-06-03T15:11:46.7142911+10:00","643"
"ai-system/operating-model/mission.md","3ACEDAAF63494F41F8C5195149B302E4250A4CE84E7FD4C0A348AC02CFE9CF54","2026-06-03T15:11:46.7063086+10:00","691"
"ai-system/operating-model/roles.md","C68BE35A7D6A78CF16C4B4B72A44D5A20CE0CFD58DF091CF97007FAFCEF6F95C","2026-06-03T15:11:46.7093257+10:00","788"
"ai-system/operating-model/security-and-permissions.md","0C6DC1A88C8C65C55623EBD7F51948ED37DEBA9D356D09D6521C8A0C2A825D92","2026-06-03T15:11:46.7122779+10:00","823"
"ai-system/orchestration/event-bus.md","3266AFBB0BF1C6C4399E84418EC3AD298FEEFE03E5FE65B66F0F9AA1E3923CC2","2026-06-03T19:42:11.2361849+10:00","570"
"ai-system/orchestration/mcp-tool-layer.md","A9EC94DF262C04102D72561091B466BA2B4581E229C75B649A757B36EF6585E7","2026-06-03T19:42:11.3797861+10:00","627"
"ai-system/orchestration/message-protocol.md","7B7F644482CD0C9B1DA9C9E4CCC2A4DE384258133BE5A1D19323F00981D85716","2026-06-03T19:42:10.7583153+10:00","385"
"ai-system/orchestration/model-router.yml","5B2F2562811654DA6A60FBC18C41C15EB8F9AF7BCB294C078FF3964F0A94F1DC","2026-06-03T20:45:58.6967398+10:00","2417"
"ai-system/orchestration/README.md","58229E0B2864DE8FBD335F55B2E9A168CF3709D478B6A23E384871943073A1D3","2026-06-03T19:42:10.5743016+10:00","278"
"ai-system/orchestration/task-routing-pipeline.md","30180232E733FAA375C8FDD7BE764948AD4834CD5F1676CD3E0C418D72F70F3B","2026-06-03T19:42:10.9285207+10:00","496"
"ai-system/organization/authority-levels.yml","D47A221E776F6D8073AD683691E858AD7BE3D93A696688C562C089C8B58B200F","2026-06-03T19:42:08.7757278+10:00","894"
"ai-system/organization/consensus-protocol.md","5156B7ED66BAF829FFCE0358DEDEFFFDD664704F68DF0A4A3E988ABE98D1D198","2026-06-03T19:42:08.9979478+10:00","649"
"ai-system/organization/executive-operating-model.md","3CD3F6AF815742788F27762006C1907166A8404463EE977146ACEC50EDD108F8","2026-06-03T19:42:09.2330327+10:00","580"
"ai-system/organization/hierarchy.yml","7606EF75FE63186B0B577273905C4964B544D159448C2CCD104F5A18983D6A5F","2026-06-03T19:42:08.5731298+10:00","1729"
"ai-system/organization/README.md","6D9271CB27A0BC0C30A368E0FB13C0C3B2F6435A86B01BCFFECB7BBEEC8CBA46","2026-06-03T19:42:08.3916977+10:00","650"
"ai-system/physics/entity-model.yml","D5903BF3254DF4C0AA695A68AEB54F4D0369ABC2676095D6AF2D02ADE7A73FFC","2026-06-03T15:29:16.0613183+10:00","844"
"ai-system/physics/failure-modes.yml","938C6108450235D4B784EC411CEFD8B544F08564F54851D91CCF3A61EB77AF24","2026-06-03T15:29:16.0654645+10:00","888"
"ai-system/physics/interaction-contracts.yml","8827A580C09365E91AA7480025F1F08F5077CF4B949EC4968AA70A1EBC1F7341","2026-06-03T15:29:16.0644586+10:00","741"
"ai-system/physics/state-vectors.yml","CC5B92860CF6E63306B2B3E84FFFFC40734DF383C67823352306ED0975F7853A","2026-06-03T15:29:16.0632611+10:00","850"
"ai-system/physics/system-physics-model.md","F9CBEACD12FFE767C2E25EEFEA74E07FBCDFFC1C963E86D6BF13D49DBF4016F1","2026-06-03T15:29:16.0593205+10:00","1735"
"ai-system/playbooks/add-feature.md","8FFF7C151DCC5F106E31D07C6C3C26463F5236AFA9DA47F3015F6C0FA9B0DB3D","2026-06-03T15:13:21.1156590+10:00","621"
"ai-system/playbooks/diagnose-server.md","46B2D75D971BD0EBC53D1AD2D339D5827A845048E898F12232C00546EBE3CEC0","2026-06-03T15:13:21.1146578+10:00","603"
"ai-system/playbooks/first-contact.md","03C55DED8FCFF65161191CA1F9DB6A5FE38DF6E2A2004982831F89A132C623AF","2026-06-03T15:16:39.7290262+10:00","454"
"ai-system/playbooks/snapshot-live-state.md","9F33339FD600C62DE70D03C0B94257622A76305692D8242CA7BBBEA009B5723C","2026-06-03T15:13:21.1097873+10:00","754"
"ai-system/playbooks/update-game-client.md","18D556127D628F3A5AE53BB3EBA9DE7CC54CE2DAE09A1F8ABC3828918CBD7DDF","2026-06-03T15:13:21.1126585+10:00","715"
"ai-system/projects/general-ai-os/project-brain.md","703963F9C9F63C0B1D5A34EC48F604341AE9F8ADD250BEEBC40D34862D32A28A","2026-06-03T19:42:14.3868439+10:00","562"
"ai-system/projects/project-brain-template.md","A2723FB89F6B8A014A6310B9ECBF454CC78DB72107B2B2FBC5711DB3373E0792","2026-06-03T19:42:13.7201153+10:00","393"
"ai-system/projects/project-registry.yml","8605AF35DB96E815B3F6B5451F813CA60ACD7CB32938EFDE7ADCD4C7886E0BDD","2026-06-03T19:42:13.5326318+10:00","821"
"ai-system/projects/README.md","5EA48F016A2614F2C764B13550503A7719F4E312BAC629255FB3A569182A56E3","2026-06-03T19:42:13.3451348+10:00","249"
"ai-system/projects/wow-backup-stack/project-brain.md","14D94E3C0461F0ABE4682284F89710C019D12EBD50FA3383F0C142DBC2B3A139","2026-06-03T19:42:14.0656296+10:00","613"
"ai-system/README.md","69AC2A281027620150D6440B56D9DF1D3A1CD7DF311834B5F2B0A2806021CA12","2026-06-03T19:43:44.9087314+10:00","2344"
"ai-system/registries/file-ownership.yml","19E0AEA8B57D4DAC5D918E4EC9BA886D46CC67D3E88AD4CAD57C8D150196783E","2026-06-03T15:11:46.7025136+10:00","1294"
"ai-system/registries/interfaces.yml","5036E8A707E7F6AF95F41B6D356B0D7B9E1107106C22BB7CE8C11CA638A94046","2026-06-03T15:11:46.7005252+10:00","1045"
"ai-system/registries/layers.yml","ECAAC6E115822CE03C3E89294DDDF1F5EB38A5D4843852C57545029DB35468AB","2026-06-03T15:11:46.6913507+10:00","2299"
"ai-system/registries/modules.yml","E497DA27F9B8032383AA47F73E6C5A7A87FF481E65CCA455B8657D21FE565745","2026-06-03T19:44:05.9928674+10:00","3991"
"ai-system/reputation/README.md","51C94BB6A4E326980379F1A22B7CE5B7D07EB878761BCB01BCBC55559BEF2F41","2026-06-03T19:42:15.5743208+10:00","215"
"ai-system/reputation/reputation-ledger.yml","4C1F966A13F0FB74D1FC4CB06779D4292204A580D0B8F374F1D17E08836958D7","2026-06-03T19:42:15.7756585+10:00","419"
"ai-system/reputation/trust-model.yml","26F2DFECC97C7542802D1D7ADB76A89C361397B5C2BAE348496ADB6C037A93D5","2026-06-03T19:42:15.9492916+10:00","649"
"ai-system/research/experiments.md","DD1C4BD56D2839249B8574803E56D84DFB09480B0E95FD734CD8223843280065","2026-06-03T20:44:41.6955832+10:00","1701"
"ai-system/research/model-archaeology/deconstruction-protocol.md","A4ACFA2583D5E2038582CF51F3D9D449AEF70E6A8507593C6DD6484A409EB242","2026-06-03T20:34:19.2852585+10:00","2129"
"ai-system/research/model-archaeology/odysseus-deconstruction.md","25FCBC38A3EEEF6C81F779AA54075921C71ADF69EEA2A1191B63337A7797BAD5","2026-06-03T20:43:46.0817186+10:00","4007"
"ai-system/research/model-archaeology/open-model-capability-matrix.yml","8107BCD15B950E4F616D254D14D67A0D4BBDEBFCF815832B1F09159134A9A0AE","2026-06-03T20:44:10.2801917+10:00","6664"
"ai-system/research/model-archaeology/README.md","F2D4460031756E9AC703E24C8590DE93E795BC22FB2348D0EAE396A3A2E2CE2F","2026-06-03T20:43:45.7308350+10:00","2032"
"ai-system/research/model-archaeology/source-ledger.yml","504D7A366D0C7589A22F4A76D6A83BBEEE721451C42D36AE7CAE9A1B69F93FAC","2026-06-03T20:43:45.9059266+10:00","5865"
"ai-system/research/rd-backlog.md","4BBF500C3DF3D8B44628B891136E8B58B017DF34F7DC4AE9A16C7708182DFCBC","2026-06-03T20:44:41.5572153+10:00","2487"
"ai-system/resources/README.md","A63A7A2A938190209264BCB58A7EFC84C52BC923D17C9EA05F589A2C9A5E520B","2026-06-03T19:42:16.1992150+10:00","220"
"ai-system/resources/resource-budget.yml","4304F09BA9054F879D3DDE94F5C62F031C48C38FC45433AFA5C301F4CAB4E3F3","2026-06-03T19:42:16.3450456+10:00","538"
"ai-system/restore/backup-policy.md","C47ACF8AE428F0BE70CD902AF6968E2652135B12D1CF04D145C202BB4971807D","2026-06-03T15:45:00.2011551+10:00","660"
"ai-system/restore/bundles/.gitkeep","01BA4719C80B6FE911B091A7C05124B64EEECE964E09C058EF8F9805DACA546B","2026-06-03T15:45:00.1991520+10:00","1"
"ai-system/restore/bundles/README.md","AE4EE6F0F8FAE25E8595FA2CAA56402588E448841A2C4117DCE0DA941B8BD2C8","2026-06-03T15:45:00.1981483+10:00","175"
"ai-system/restore/README.md","09A8F982B249BBD9A8FF6D6946BE04F82C2A667150D6431CC784AC736D71743F","2026-06-03T15:45:00.1902249+10:00","919"
"ai-system/restore/restore-playbook.md","BE05D5452739BB0DE31536ED175F0D1FC973234A035D0D03A20B3C2424E1CF39","2026-06-03T15:45:00.2028216+10:00","700"
"ai-system/restore/restore-point.schema.json","3D0F4D056CF73D4017C8B3ECBBC399F1657CC622B7C1A5FDACB7D505DC00DBC5","2026-06-03T15:45:00.2044182+10:00","763"
"ai-system/restore/restore-points/.gitkeep","01BA4719C80B6FE911B091A7C05124B64EEECE964E09C058EF8F9805DACA546B","2026-06-03T15:45:00.1942255+10:00","1"
"ai-system/restore/restore-points/README.md","970655932B8F98DF9AB6B22CB9DD6A6047B8880F5E011BEA81AC4E78B96306D6","2026-06-03T15:45:00.1932190+10:00","196"
"ai-system/restore/restore-points/RP-20260603-154809-after-continuity-system-expansion.json","AA0111322F8A50FE0DD65318333D620173FD596B37DFF748DF2E7505D9A4020A","2026-06-03T15:48:10.2050310+10:00","2800"
"ai-system/restore/restore-points/RP-20260603-154912-committed-continuity-system.json","62E13FD4B0053589ED27489AE41812DE296B5DF10FCAD11F8627E6371DB9532B","2026-06-03T15:49:13.4263686+10:00","2182"
"ai-system/reverse-engineering/assumptions.md","D6C28C507352AD284582F0C0EEBBE0D8E648F752FA481404CF0D663AD9DE9570","2026-06-03T15:29:16.0552294+10:00","567"
"ai-system/reverse-engineering/how-to-reverse-engineer.md","B42F540ECE16BE419AF5A07F9142990F40C64BD5882FBCACEB800F6BED4CCFCD","2026-06-03T15:29:16.0512271+10:00","737"
"ai-system/reverse-engineering/knowledge-graph.md","F895A2699BDD2CC1CBEA22D8C9CD953BE3D490F71AFD75508CC77785EE904900","2026-06-03T15:29:16.0542282+10:00","898"
"ai-system/reverse-engineering/targets.yml","C0E596B62481E625CB8040797AE6366019D426F6FD78968E104629BA26D7AD53","2026-06-03T15:29:16.0522246+10:00","924"
"ai-system/runtime/agent-platform/windows-agent-platform.md","C9DE221BA5452F1042DF87A6451C45B978714502B0D4B29EE58EA56C0451A245","2026-06-03T20:34:19.2945882+10:00","1768"
"ai-system/runtime/api-contracts.md","445316EB70A0BE5BF045516ABB6FA00CAACFF723EC802C844A71F02696C85C4F","2026-06-03T19:42:15.0927842+10:00","412"
"ai-system/runtime/README.md","447C057DF9B0D612A9EA30B6E92411F9B3DA2875CD0007C92C029FE472466907","2026-06-03T19:42:14.7035386+10:00","270"
"ai-system/runtime/runtime-state-machine.md","17D00F2D45923133DA942E9CE5635E823FEEF2E3C88C6E2280902EBF82ACA397","2026-06-03T19:42:15.2686961+10:00","278"
"ai-system/runtime/service-map.yml","90624985762ECFAA79ECF703F63F5EEDAFC20D3451A1EB880AB7156C11BB1A68","2026-06-03T19:42:14.9019233+10:00","848"
"ai-system/schemas/agent.schema.json","883712ED1BBE41E3F107A42255321F46F790DE128F1930410FCA1C2DBD5B4F1E","2026-06-03T19:42:16.4978841+10:00","672"
"ai-system/schemas/capability.schema.json","7A0CE00000EF5ABFAC6D20C17915F803330363C36872A2A405FBCDF981A6CFA6","2026-06-03T15:25:28.4310635+10:00","570"
"ai-system/schemas/claim-record.schema.json","E1A08FC93C475B5754D2D84679D405915BE9C08402049431577F859E3DEA69B1","2026-06-03T18:30:24.7690159+10:00","555"
"ai-system/schemas/cognition-output.schema.json","EEDC42164F58C9C333E11B7EA84AD27EF749AD9FEE670CD8E43C2978D42E00DE","2026-06-03T15:57:42.2714279+10:00","901"
"ai-system/schemas/cycle-report.schema.json","C61618CD2B74F6AE16F14AF06B681108F9E33C0C462ACFB00153879CFD1B9B56","2026-06-03T18:30:24.7700149+10:00","872"
"ai-system/schemas/evidence-record.schema.json","65482B91B70FEF6C7409FB5120AAD86157DA7A0CB6C661F7F037CC436C83AA8B","2026-06-03T19:45:02.7842512+10:00","794"
"ai-system/schemas/fuzzy-claim.schema.json","C18268B4E719115046AF2234206964A6A3E3473FE942DED9E106C492D091E8B9","2026-06-03T16:35:10.7292824+10:00","789"
"ai-system/schemas/hyperedge.schema.json","EB25F1AC929CCACB1E2397BCE3D945576DE8129D35A7307E7267707DB1FEBFD6","2026-06-03T16:35:10.9118838+10:00","573"
"ai-system/schemas/message.schema.json","5F8590D89713D7CC70DDF2F6F3A3B88FFE924753DF38CD9260D1742B1FE22A77","2026-06-03T19:42:16.6765578+10:00","839"
"ai-system/schemas/observation.schema.json","0F79AA4230704EB31E7E2548DD8E388766E23FD1A69661DE4C51D00E738C890D","2026-06-03T15:25:28.4284810+10:00","571"
"ai-system/schemas/open-model-source.schema.json","0E62CE5C0B0DA819C075078EDBC0D6B5CB000B3B4F1EFD17D0EA2A6DC6198F38","2026-06-03T20:34:19.2985422+10:00","791"
"ai-system/schemas/project.schema.json","63C531F1E0C181F5D523F007AB9557BFCDC6F4B80CF1BECB63817ACBD1A870A8","2026-06-03T19:42:17.0001382+10:00","569"
"ai-system/schemas/system-manifest.schema.json","634B3E139EA72430EDE9F5B4A9581618FB294A83C2F27E2898CDC8DA77D8545C","2026-06-03T15:25:28.4244570+10:00","839"
"ai-system/schemas/task.schema.json","413DE0E1F9085303A51DD5325A9070B79603B10E09FA0BEDF2A241BFD745012A","2026-06-03T19:42:16.8403816+10:00","807"
"ai-system/schemas/work-item.schema.json","6E6BC485F04EC4E8703B7CED7624AD8B26040F893137156C1E0AB961D3CEC7F0","2026-06-03T15:25:28.4264728+10:00","745"
"ai-system/sensory/baselines/README.md","D390F43110B7CA1D2816804C1505FF6F785DCC3B221DEE3A438DF944EA6FEF30","2026-06-03T18:30:24.7640929+10:00","169"
"ai-system/sensory/baselines/watched-state-baseline.csv","B30A112DB6ECDE153488E032991CB0D33E2D5DF63D53D85E8A38E7C0BBC83BD9","2026-06-03T20:11:49.1824446+10:00","61989"
"ai-system/sensory/health-model.md","BB13D03ED190AC4741789D978FAF6EE52598003458A40364606E2CAAC2844EB1","2026-06-03T15:13:21.0975336+10:00","743"
"ai-system/sensory/scans/latest-scan.json","076EEB0D56D9C7DCD9291045C0B1271DD771DFE92D53C24D53B85ED4DDDD9EB0","2026-06-03T20:49:03.3111023+10:00","10626"
"ai-system/sensory/scans/latest-watched-changes.json","B8FA90FC49ADD21151F0975B3B5B51E50D237B8770D16BF8C8453F435A10B622","2026-06-03T20:11:49.1646527+10:00","2990"
"ai-system/sensory/scans/latest-watched-changes.md","B2C8CF1D459904535540E35B67281596E70BE40BA6439E86985C919D11CA035D","2026-06-03T20:11:49.1744577+10:00","592"
"ai-system/sensory/scans/README.md","4140E7FC24093638A61D4FA32843AC353A4069544848F60BF9DD6C6A821890E5","2026-06-03T15:13:21.1006472+10:00","261"
"ai-system/sensory/scans/SCAN-LOG.md","C7760DC81AAA765CB811026AE7DDE4D75B56C90C8FDFDACA81F4EE7EA34BC7CA","2026-06-03T20:49:03.3204008+10:00","1575"
"ai-system/sensory/signals.md","C48694B428CA80F85872F1F9ED9657F40AEEABAB6FFF56FC1E6CC4C5870E84BC","2026-06-03T15:13:21.0957914+10:00","782"
"ai-system/START-HERE.md","0203E793C92FB32EEC51D4F74824FA14B2391A093715BC6CFF34F280CE030981","2026-06-03T20:45:29.1827371+10:00","2859"
"ai-system/templates/experiment-card.md","3470CC28100FC1EF908A1B4C360EFA9F757CAA0E8D985BCF42325098C331285D","2026-06-03T15:13:21.1229876+10:00","125"
"ai-system/templates/handoff.md","5C47FC7628B815F4AB8CB7C11F3D4F8085AFFC997BED11ADFBF48B30AD44E0BB","2026-06-03T15:13:21.1239895+10:00","90"
"ai-system/templates/issue-card.md","77C39D7483E8031D2F2B6FD5215DBFEBC2972555D20396ADB61B8A06D08D07C3","2026-06-03T15:13:21.1209753+10:00","138"
"ai-system/templates/module-card.md","8419EEFE4C72B688599A8F400078AF3602653E173C7DC444B2EC51C15AEB5727","2026-06-03T15:13:21.1166694+10:00","167"
"ai-system/tools/Export-AISystemManifest.ps1","70A2B7156A3B5D0EFA5F3B829E7256150F8720C80D8F7433F61EC71508B250EE","2026-06-03T20:35:36.8187877+10:00","3723"
"ai-system/tools/Export-ProjectMap.ps1","948C0B75D73C8FC8BC80D2C54F5FB282C622452A5623EB2448F7BEE42E9BCE61","2026-06-03T15:30:35.7158216+10:00","3108"
"ai-system/tools/Invoke-AIForensicVerification.ps1","B3A1136C43182A1BA328AD62277220B848298B091C93DB7794509315AB6DC3F3","2026-06-03T18:33:34.0636472+10:00","6401"
"ai-system/tools/Invoke-AIIntegrityCheck.ps1","894C89DA1BEBB52F4F701FD26770EF6FD841A555867A907E5416E3663C5C3E43","2026-06-03T20:44:19.9749240+10:00","8096"
"ai-system/tools/Invoke-AILogIntelligence.ps1","059D16F8D27D4E9607109736DB4E7064D9D9F272198066E85BA3DDE84158E97A","2026-06-03T20:10:46.6482104+10:00","8721"
"ai-system/tools/Invoke-AIOperationCycle.ps1","7B030A12F724B1ED2731B56CB5389A3A3311A39CC215E9B7591DA349A78B8DC7","2026-06-03T18:49:05.1452401+10:00","6413"
"ai-system/tools/Invoke-AIProjectScan.ps1","CC01FCC153FC6B07246D577A28B8B7DDE618BD1DB90DC260D2B08FC0814AA870","2026-06-03T15:21:11.9032723+10:00","8545"
"ai-system/tools/Invoke-AIWatchedState.ps1","D3A3AEDA02965D0558E929A34D28A2233191F4DCC5368561C760BF1325A8157C","2026-06-03T18:33:34.0636472+10:00","4318"
"ai-system/tools/Invoke-LiveServerProbe.ps1","BCD4880344D095928F0A6C7FF46400E6A90A1C92F0FA0865347EFCF7B89206E7","2026-06-03T15:31:38.6630259+10:00","2328"
"ai-system/tools/New-AuditEvent.ps1","D13158C0DF616A229B57A133DDE058D0C9C556CC85A7784F7223A74F283D98FA","2026-06-03T15:47:46.5535993+10:00","1141"
"ai-system/tools/New-ChatHandoff.ps1","ED346009C2265FFB61D3AD6100D26914E680BF3124EFC4657C308BEA70F534EA","2026-06-03T15:47:46.5511141+10:00","1450"
"ai-system/tools/New-HandoffSnapshot.ps1","78D08D45F622AEA7BEEB1976C38D4B9678C91B83B2977A21C8925C14D509D2F5","2026-06-03T15:19:07.0565203+10:00","1922"
"ai-system/tools/New-RestorePoint.ps1","EBD36740895476CF98BE09B8F7D6C57A3376E76BB54A952E1A68547E703D493A","2026-06-03T15:47:46.5584923+10:00","3074"
"ai-system/tools/New-WorkItem.ps1","8ECCDE50A3058AF4CF35870C17E0D33D2170A4BFD9CBE796F467188100C2B10D","2026-06-03T15:32:21.5113391+10:00","1367"
"ai-system/tools/README.md","3C4164490DACA8C5FD56A032949FB15D05E41963D3647049EEB0097BB022B200","2026-06-03T18:34:57.4138647+10:00","4032"
"ai-system/tools/Update-LayerPointers.ps1","76FE8F5A9491407871CE947C9E4CBE21A9CE4BD66C64DDCC370B367BDC859AD1","2026-06-03T15:15:10.8791591+10:00","1760"
"ai-system/training/curriculum.md","587A3DA23BC610691777061A27C28AF0A568320FF9892398400C8B5548009C86","2026-06-03T19:42:12.6524797+10:00","874"
"ai-system/training/feedback-loop.md","9B0D9092A8D2BB643706D20998EA487D98E0A5B074F75F74EC13087BBCFABC16","2026-06-03T19:42:12.8481302+10:00","527"
"ai-system/training/README.md","522A22B029D874E2E285EB0DA52E9D530BB3C6C63FB6093A39EB1DC596460054","2026-06-03T19:42:12.4445953+10:00","324"
"ai-system/training/training-data-policy.md","3BA1325FC7FD10E780F6F8643B8032F68E507B728B392271E7B614BB1116E752","2026-06-03T19:42:13.0453400+10:00","541"
"ai-system/truth/cross-check-pipeline.md","AA766557FE954FCF609835DA7D3DE893B7B83E531E40C72179C840A6391F26FD","2026-06-03T15:57:20.1300705+10:00","940"
"ai-system/truth/evidence-ledger.yml","87A02CEA95E2A3356F8C7EAE76D6DF319F30CDBDB4FEF54E1AB48958E0353415","2026-06-03T15:46:16.4758564+10:00","542"
"ai-system/truth/README.md","EE2E1E468EBE27EB805532065261CE411D049A5843FF8206D0A6C173F1A26AF6","2026-06-03T15:46:16.4727001+10:00","326"
"ai-system/truth/source-priority.md","FA1613BDEF514C183E60CED0366719312407D209D3D38ABA9EF29851E6549CB6","2026-06-03T15:46:16.4778427+10:00","318"
"ai-system/work/backlog.yml","461114B3F1BFEBFDE1BBAFD495BE839550E05E9C8FE40B6658E0EBFF1B302206","2026-06-03T15:27:27.7315405+10:00","901"
"ai-system/work/bugs.yml","C6F251D421B0A453E3CF8CD643631FBAC2A6682D9B905CD27193790B94A3CB2C","2026-06-03T15:32:46.6088089+10:00","982"
"ai-system/work/decisions-needed.md","B8EC6F859A93A072DA8137C1135B3FA4C86EB0C92B9CB75315DABCBF06C2DA01","2026-06-03T15:27:27.7383796+10:00","550"
"ai-system/work/features.yml","8EBBB26462DB307B9B9D2D165D90E5ED75E367DC2AAE2CF014462DC261D47795","2026-06-03T15:27:27.7353765+10:00","1009"
"ai-system/work/milestones.md","59E0D306FAC19E986DCE5BDAC0F993A3C149A2C2632E43858623B65111BF510F","2026-06-03T15:27:27.7373835+10:00","717"
"ai-system/work/README.md","DCB48AB8667114ABE6D05D05E3C60660EAF2D708C0D5A099613B3D7AC06E7364","2026-06-03T15:27:27.7285425+10:00","618"
"ai-system/work/TODO.md","6BB7C724324562F14F7063380CE763999EB997F80A1679F8DC346FCA1CB0CD5E","2026-06-03T15:27:27.7305473+10:00","526"
"ai-system/work/work-items/.gitkeep","01BA4719C80B6FE911B091A7C05124B64EEECE964E09C058EF8F9805DACA546B","2026-06-03T15:27:27.7442220+10:00","1"
"ai-system/work/work-items/BUG-20260603-153233-docker-command-unavailable-to-live-server-probe.md","12203248D0DD21F74ABDE2FCF2382F9DBAFA07BC46C2A9F0D5D265B878614DB6","2026-06-03T15:32:33.4141333+10:00","371"
"ai-system/work/work-items/README.md","ECC48D572400DE07B3D548BC76106992ECFD38DBC28E050A1BFB35372C888C64","2026-06-03T15:27:27.7432204+10:00","224"
"Server-Live-State/.gitignore","37908A44174625988B2103EED281012F5C0931DF2E61E71231836421B6BE7E0A","2026-06-03T14:55:32.0285793+10:00","93"
"Server-Live-State/acore_auth.sql","E91CA544E2223D4C6FC56C4BC9A88770FD79D979D39E10D264C0C5A2836838D1","2026-05-30T21:13:09.8424380+10:00","60922"
"Server-Live-State/acore_characters.sql","57137BE6333E1EC4AD03C852816270139F99E092D7DE7700ADAE8E4C7FE7A969","2026-05-30T21:13:12.3121730+10:00","2590792"
"Server-Live-State/acore_playerbots.sql","51FC4F346212135F07243DC630A74741ACFECF58C056F2A67BAC518E47E96EA9","2026-05-30T21:13:17.7786483+10:00","61966283"
"Server-Live-State/docker-compose-ps.txt","F92184B6A8D92447ED766747AE74216F6259C0E00D22A046086BF7B77E79351E","2026-05-30T21:16:03.3510109+10:00","648"
"Server-Live-State/docker-images.txt","504BD4A710AD416C4A031274E96C6EB633E6A45E97B424CF36A3FCBE6F080AE2","2026-05-30T21:16:03.8269307+10:00","335"
"Server-Live-State/docker-volumes.txt","6F2794363C46A86BCD828D3F67DFAEF0658957C3DB8F33128BF60C54757A2838","2026-05-30T21:13:08.1629733+10:00","215"
"Server-Live-State/GIT-LAYER.md","AC2C41CDA9BB00ABF1BFE918AA189159604926E67D3CCA72C8C0A110A9C55EE5","2026-06-03T14:55:32.0285793+10:00","358"
"Server-Live-State/lan-realmlist.wtf","C92F1E9645E676956BC49CC86BD4E9E52195E39A442089BCB9D6354C9B55FDBE","2026-05-30T21:25:05.4825328+10:00","28"
"Server-Live-State/restore-bundle.md","8A8FE36597B4890E2D18553B344FC0AC1686C01C21E9184D5D8B0DD63BBA8FAF","2026-05-30T21:25:05.4900498+10:00","2047"
"Server-Live-State/restore-checklist.md","0B5F46979807F73F296C7F5C2CACCE4F4ED898D7ED9D6FC4E9328FBBC756A161","2026-05-30T21:12:56.6140404+10:00","1720"
"Server-Live-State/restore-wow-live-state.ps1","103BCEF1B4D02609665DE0A9576B153023B441B1801203A3B270939BB62F82D0","2026-05-30T21:15:42.5885882+10:00","2295"
"Server-Live-State/server-identity.txt","A50A8B3A3A1F48D14457685F90DA966BE65DBB174A5CEBF65D7C985F4044BF55","2026-05-30T21:25:25.0811033+10:00","506"
"Server-Live-State/set-server-realm-address.ps1","E40E41A89EAF1B8DF430C66F25EB54B905EE961E3DEFE58C3A0DE5CECD6C0D63","2026-05-30T21:25:05.4815332+10:00","344"
"WoW-Server-Project/scripts/start-backend.ps1","FFA940174DBD39198B854F961E06CA02A2123800793C5B7146E63B75C188AF11","2026-05-27T18:21:50.4459701+10:00","68"
"WoW-Server-Project/scripts/wow/clone-azerothcore.ps1","082E5E0B58446B6901ACC505F431AC4AD05CE8C6558BF780413C120D0DE9562F","2026-05-27T18:32:42.3682411+10:00","434"
"WoW-Server-Project/scripts/wow/clone-azerothcore-playerbots.ps1","7BC44458F13B24E74074404E487023B3E7E19D002E5B5B65055C168E466F0096","2026-05-30T18:09:43.4134858+10:00","754"
"WoW-Server-Project/scripts/wow/set-client-realmlist.ps1","A7B59674428FEEA5EF45BCB3E4230A606479167BE411FE6A23DCA65744BC0773","2026-05-27T23:36:55.3030145+10:00","1916"
"WoW-Server-Project/scripts/wow/start-azerothcore.ps1","0FDEE1CE936970837D66502BBDA94C2D435C3FC4311BA88BF89A601021511D47","2026-05-27T18:32:42.3692380+10:00","337"
"WoW-Server-Project/scripts/wow/start-azerothcore-playerbots.ps1","760585CA7D6AED58CC22B8F38EA2669FD5EBF68DBF718AD0B609BDA5140AF47D","2026-05-30T18:09:43.4154841+10:00","368"
"WoW-Server-Project/scripts/wow/wtf-templates/README.md","D5E2FC21C6C8C48440FCA1F4AE08657434E745B336B1B2CEB6DDF7161BB8FA4F","2026-05-30T20:23:38.2601380+10:00","1136"
"WoW-Server-Project/docs/about-you.md","4CE74DEDE310D59EBE6D8F70B9DA84973924A0EEAAACF4FF480A093C59952E9B","2026-05-26T18:23:38.0948210+10:00","1044"
"WoW-Server-Project/docs/active-ideas.md","6A55FD103E982AA971D11889C1DF828D8885520F8690B903775190A1CAB160ED","2026-05-26T18:23:38.1018223+10:00","621"
"WoW-Server-Project/docs/decisions.md","3F7ADB1BC21F2B5C1BD7989F4B5724A545A3B5EDF6ABAB7D5A2CFF92A0748396","2026-05-26T18:23:38.1028325+10:00","555"
"WoW-Server-Project/docs/how-we-work.md","DA8E481147489A38E0A50050F2731F0AF4207AD054F4BA572BB713C4DCEAC176","2026-05-26T18:23:38.1008220+10:00","1154"
"WoW-Server-Project/docs/module-template.md","8DC01BB1E4FC18718C1DC23DF945CF9A81FB5BE4D9E0ACF8A01AB46AC3705A5F","2026-05-21T00:26:14.7515472+10:00","5102"
"WoW-Server-Project/docs/v1-build-roadmap.md","43A4AF5547A4D94457E30F22041D135DDEFD947BAD09833A56FC4038307AC06B","2026-05-21T00:26:14.7452974+10:00","7628"
"WoW-Server-Project/docs/vision-and-architecture.md","ABE2AB2EAEE9BC6346E39428DD7050C3AD246B18C9E0FECD6A3B3027B5F75B42","2026-05-21T00:26:14.7442140+10:00","7671"
"WoW-Server-Project/docs/wow-playerbots-setup.md","D7B34A83EB6879E4B129B9554BC3FC2D262A4528CDF563A9E45F4A6BC1A3055B","2026-05-30T20:23:38.2776960+10:00","2366"
"WoW-Server-Project/docs/wow-server-baseline-snapshot.md","50CC92D7FEC8D472AB607B0BCAA268683E06FC0D12F3BDEF60CAEFC000D49A89","2026-05-30T18:09:43.4194864+10:00","504"
"WoW-Server-Project/docs/wow-server-host-assessment.md","B9CC7FB8C729B789252A7A8CC08A06E0BF9B0D3A715FF7A4100B4A82F434D1B8","2026-05-27T18:26:40.6758181+10:00","3285"
"WoW-Server-Project/docs/wow-server-project-frame.md","D1159F01842359124278D3486060A922AEA2D28A2070A4514906F4508FC0F151","2026-05-27T18:26:40.6768181+10:00","1061"
"WoW-Server-Project/docs/wow-server-setup-next-steps.md","CCDE8A911B7919C3B4E77A19ED578BE0068566B3CFDDB67B26355D4CA17A1383","2026-05-30T18:09:43.4224838+10:00","2376"
"WoW-Server-Project/servers/wow/azerothcore-wotlk-playerbots/modules/mod-playerbots/conf/conf.sh.dist","2C95E04552F7C894075A780C7472E38CC8CBEDFD67D801104E4E9FB014A9B132","2026-05-30T18:08:31.9397167+10:00","623"
"WoW-Server-Project/servers/wow/azerothcore-wotlk-playerbots/modules/mod-playerbots/conf/playerbots.conf.dist","4749BE24BE1AA9544AA0E5AE2F5CA18B7FE06748C17EAEAA4321EE7EDACCD839","2026-05-30T18:08:31.9407283+10:00","100131"
